,Company Name,Clients (Domestic PF/EPFO),Clients (Domestic Corporates),Clients (Domestic Non-Corporates),Clients (Foreign Non-Residents),Clients (Foreign FPI),Clients (Foreign Others),Clients (Total),AUM (Domestic PF/EPFO),AUM (Domestic Corporates),AUM (Domestic Non-Corporates),AUM (Foreign Non-Residents),AUM (Foreign FPI),AUM (Foreign Others),AUM (Total)
0,1729 ADVISORS LLP,0.0,9.0,75.0,3.0,0.0,0.0,87.0,0.0,185.14351,368.11999,4.99529,0.0,0.0,558.2588
1,2POINT2 CAPITAL ADVISORS LLP,0.0,67.0,613.0,54.0,0.0,0.0,734.0,0.0,229.14,941.27,128.95,0.0,0.0,1299.36
2,360 ONE ALTERNATES ASSET MANAGEMENT LIMITED,0.0,61.0,80.0,2.0,0.0,2.0,145.0,0.0,365.17,243.39,3.04,0.0,33.62,645.22
3,360 ONE ASSET MANAGEMENT LIMITED,0.0,406.0,5709.0,476.0,7.0,0.0,6598.0,0.0,1302.91,5013.74,418.72,24571.29,0.0,31306.66
4,360 ONE PORTFOLIO MANAGERS LIMITED,0.0,424.0,1500.0,116.0,0.0,0.0,2040.0,0.0,11183.78,20690.97,1426.35,0.0,0.0,33301.12
5,A C CHOKSI SHARE BROKERS PRIVATE LIMITED,0.0,0.0,21.0,3.0,0.0,0.0,24.0,0.0,0.0,24.37304,17.95065,0.0,0.0,42.32369
6,A. K. WEALTH MANAGEMENT PRIVATE LIMITED,0.0,0.0,0.0,0.0,0.0,0.0,0.0,0.0,0.0,0.0,0.0,0.0,0.0,0.0
7,AAROHAN HOLDINGS AND ADVISORS PRIVATE LIMITED,0.0,5.0,86.0,14.0,0.0,0.0,105.0,0.0,24.28,128.78,25.17,0.0,0.0,178.23
8,AAVISHKAAR ADVISORS PRIVATE LIMITED,0.0,0.0,0.0,0.0,0.0,0.0,0.0,0.0,0.0,0.0,0.0,0.0,0.0,0.0
9,ABAKKUS ASSET MANAGER LLP,0.0,839.0,9502.0,589.0,2.0,0.0,10932.0,0.0,3504.96,12117.85,603.61,3750.34,0.0,19976.76
10,ABANS BROKING SERVICES PRIVATE LIMITED,0.0,3.0,82.0,22.0,1.0,0.0,108.0,0.0,4.96,90.88,25.82,29.91,0.0,151.57
11,ABCHLOR INVESTMENTS PRIVATE LIMITED,0.0,5.0,55.0,6.0,0.0,0.0,66.0,0.0,16.41816,183.88215,22.00847,0.0,0.0,222.30879
12,ACCELT ASSET MANAGEMENT LLP,0.0,1.0,4.0,0.0,0.0,0.0,5.0,0.0,1.15161,2.38803,0.0,0.0,0.0,3.53964
13,ACCURACAP CONSULTANCY SERVICES PRIVATE LIMITED,0.0,23.0,296.0,14.0,0.0,0.0,333.0,0.0,98.07,784.33,53.57,0.0,0.0,935.97
14,ACEPRO ADVISORS PRIVATE LIMITED,0.0,2.0,67.0,2.0,0.0,0.0,71.0,0.0,1.68,121.13,1.0,0.0,0.0,123.81
15,ACHINTYA SECURITIES PRIVATE LIMITED,0.0,0.0,0.0,0.0,0.0,0.0,0.0,0.0,0.0,0.0,0.0,0.0,0.0,0.0
16,ADITYA BIRLA MONEY LIMITED,0.0,9.0,132.0,6.0,0.0,0.0,147.0,0.0,48.0024,156.39162,4.91547,0.0,0.0,209.30948
17,ADROIT FINANCIAL SERVICES PRIVATE LIMITED,0.0,0.0,0.0,0.0,0.0,0.0,0.0,0.0,0.0,0.0,0.0,0.0,0.0,0.0
18,AEQUITAS INVESTMENT CONSULTANCY PRIVATE LIMITED,0.0,26.0,96.0,7.0,0.0,0.0,129.0,0.0,559.67118,2150.72458,178.6797,0.0,0.0,2889.07547
19,AFFIRMA CAPITAL INVESTMENT ADVISER INDIA PRIVATE LIMITED,0.0,1.0,1.0,0.0,0.0,0.0,2.0,0.0,16.07,16.06,0.0,0.0,0.0,32.13
20,AGREYA CAPITAL ADVISORS LLP,0.0,23.0,329.0,25.0,0.0,0.0,377.0,0.0,162.21,874.41,62.26,0.0,0.0,1098.88
21,ALANKIT ASSIGNMENTS LTD.,0.0,0.0,0.0,0.0,0.0,0.0,0.0,0.0,0.0,0.0,0.0,0.0,0.0,0.0
22,ALCHEMY CAPITAL MANAGEMENT PRIVATE LTD,0.0,154.0,1894.0,208.0,0.0,1.0,2257.0,0.0,1713.31,4864.3,626.33,0.0,446.63,7650.56
23,ALDER CAPITAL ADVISORS LLP,0.0,2.0,19.0,6.0,1.0,0.0,28.0,0.0,3.66342,31.79628,8.98181,39.03,0.0,83.4715
24,ALFACCURATE ADVISORS PVT. LTD.,0.0,93.0,1164.0,87.0,0.0,2.0,1346.0,0.0,397.36622,2234.22599,164.45725,0.0,142.56,2938.60946
25,ALLEGRO SECURITIES PRIVATE LIMITED,0.0,0.0,28.0,0.0,0.0,0.0,28.0,0.0,0.0,34.2754,0.0,0.0,0.0,34.2754
26,ALMONDZ FINANCIAL SERVICES LIMITED,0.0,1.0,6.0,0.0,0.0,0.0,7.0,0.0,0.48389,3.65616,0.0,0.0,0.0,4.14005
27,ALPHA ALTERNATIVES FUND ADVISORS LLP,0.0,31.0,50.0,1.0,0.0,0.0,82.0,0.0,222.33,437.12,3.16,0.0,0.0,662.6
28,ALPHAGREP INVESTMENT MANAGEMENT PRIVATE LIMITED,0.0,7.0,32.0,0.0,0.0,0.0,39.0,0.0,27.76136,54.73261,0.0,0.0,0.0,82.49397
29,AMALTAS ASSET MANAGEMENT LLP,0.0,0.0,0.0,0.0,0.0,0.0,0.0,0.0,0.0,0.0,0.0,0.0,0.0,0.0
30,AMBIT INVESTMENT ADVISORS PRIVATE LIMITED,0.0,136.0,1340.0,165.0,0.0,0.0,1641.0,0.0,797.36,1648.75,250.59,0.0,0.0,2696.7
31,AMBIT WEALTH PRIVATE LIMITED,0.0,66.0,288.0,28.0,0.0,0.0,382.0,0.0,578.85,574.64,86.26,0.0,0.0,1239.75
32,AMICUS INDIA CAPITAL PARTNERS LLP ,0.0,0.0,0.0,0.0,0.0,0.0,0.0,0.0,0.0,0.0,0.0,0.0,0.0,0.0
33,ANAND RATHI ADVISORS LIMITED,0.0,69.0,946.0,101.0,0.0,0.0,1116.0,0.0,86.071,1085.2526,95.32898,0.0,0.0,1266.65257
34,ANGEL ONE INVESTMENT MANAGERS  AND  ADVISORS PRIVATE LIMITED,0.0,0.0,0.0,0.0,0.0,0.0,0.0,0.0,0.0,0.0,0.0,0.0,0.0,0.0
35,ANGEL ONE LIMITED,0.0,0.0,0.0,0.0,0.0,0.0,0.0,0.0,0.0,0.0,0.0,0.0,0.0,0.0
36,ANVIL WEALTH MANAGEMENT PVT LTD,0.0,0.0,0.0,0.0,0.0,0.0,0.0,0.0,0.0,0.0,0.0,0.0,0.0,0.0
37,ARHAM WEALTH MANAGEMENT PRIVATE LIMITED,0.0,0.0,0.0,0.0,0.0,0.0,0.0,0.0,0.0,0.0,0.0,0.0,0.0,0.0
38,ARKA INVESTMENT ADVISORY SERVICES PRIVATE LIMITED,0.0,0.0,0.0,0.0,0.0,0.0,0.0,0.0,0.0,0.0,0.0,0.0,0.0,0.0
39,ARNYA REALESTATES FUND ADVISORS PRIVATE LIMITED,0.0,0.0,0.0,0.0,0.0,0.0,0.0,0.0,0.0,0.0,0.0,0.0,0.0,0.0
40,ARTH PORTFOLIO MANAGEMENT PRIVATE LIMITED,0.0,1.0,21.0,2.0,0.0,0.0,24.0,0.0,6.3,19.6,2.31,0.0,0.0,28.21
41,ARTHALPHA LLP,0.0,0.0,2.0,0.0,0.0,0.0,2.0,0.0,0.0,9.00705,0.0,0.0,0.0,9.00705
42,ARTHYA WEALTH AND INVESTMENTS PVT LTD,0.0,8.0,58.0,5.0,0.0,0.0,71.0,0.0,66.62,76.92,5.3,0.0,0.0,148.84
43,ASIAN MARKETS SECURITIES PRIVATE LIMITED,0.0,3.0,24.0,1.0,0.0,0.0,28.0,0.0,21.86199,29.85776,1.98247,0.0,0.0,53.70222
44,ASIT C. MEHTA INVESTMENT INTERRMEDIATES LIMITED,0.0,5.0,274.0,17.0,0.0,0.0,296.0,0.0,6.36,218.84,19.76,0.0,0.0,244.95
45,ASK INVESTMENT MANAGERS LIMITED,0.0,493.0,10802.0,990.0,0.0,0.0,12285.0,0.0,3605.24,15627.08,1588.73,0.0,0.0,20821.05
46,ASK PROPERTY INVESTMENT ADVISORS PRIVATE LIMITED,0.0,1.0,2.0,0.0,1.0,0.0,4.0,0.0,39.53,6.0,0.0,60.0,0.0,105.53
47,ASK WEALTH ADVISORS PRIVATE LIMITED,0.0,91.0,334.0,11.0,0.0,0.0,436.0,0.0,2007.64,1735.39,125.03,0.0,0.0,3868.07
48,ASTUTE INVESTMENT MANAGEMENT PRIVATE LIMITED,0.0,4.0,22.0,3.0,0.0,0.0,29.0,0.0,34.45484,78.61695,12.21462,0.0,0.0,125.28641
49,ATLAS INTEGRATED FINANCE LTD,0.0,3.0,17.0,0.0,0.0,0.0,20.0,0.0,3.02176,54.73502,0.0,0.0,0.0,57.75678
50,AVENDUS CAPITAL PUBLIC MARKETS ALTERNATE STRATEGIES LLP,0.0,0.0,0.0,0.0,0.0,0.0,0.0,0.0,0.0,0.0,0.0,0.0,0.0,0.0
51,AVENDUS PE INVESTMENT ADVISORS PRIVATE LIMITED,0.0,0.0,0.0,0.0,0.0,0.0,0.0,0.0,0.0,0.0,0.0,0.0,0.0,0.0
52,AVENDUS WEALTH MANAGEMENT PRIVATE LTD,0.0,121.0,311.0,12.0,0.0,0.0,444.0,0.0,9406.47,7359.99,127.2,0.0,0.0,16893.66
53,AVESTHA FUND MANAGEMENT LLP,0.0,27.0,178.0,12.0,0.0,0.0,217.0,0.0,218.73864,976.00303,53.05558,0.0,0.0,1247.79726
54,AWRIGA CAPITAL ADVISORS LLP,0.0,24.0,262.0,37.0,0.0,0.0,323.0,0.0,37.9127,444.8979,58.6317,0.0,0.0,541.4423
55,AXIS ASSET MANAGEMENT COMPANY LIMITED,0.0,32.0,1231.0,384.0,0.0,0.0,1647.0,0.0,349.34843,1100.77222,295.66943,0.0,0.0,1745.79008
56,AXIS SCEURITIES LIMITED,0.0,146.0,2846.0,538.0,0.0,0.0,3530.0,0.0,780.67,3324.36,679.64,0.0,0.0,4784.68
57,AYAN ANALYTICS PRIVATE LIMITED,0.0,6.0,245.0,98.0,0.0,0.0,349.0,0.0,19.05784,192.08757,82.80118,0.0,0.0,293.94659
58,B.N. RATHI SECURITIES LIMITED,0.0,0.0,0.0,0.0,0.0,0.0,0.0,0.0,0.0,0.0,0.0,0.0,0.0,0.0
59,BADJATE STOCK  AND  SHARES PVT. LTD,0.0,4.0,100.0,2.0,0.0,0.0,106.0,0.0,16.39,146.18,2.01,0.0,0.0,164.58
60,BANDHAN AMC LIMITED,0.0,4.0,27.0,3.0,2.0,0.0,36.0,0.0,10.27035,22.64717,2.16457,144.15,0.0,179.23209
61,BANYAN CAPITAL ADVISORS PRIVATE LIMITED,0.0,6.0,106.0,6.0,1.0,0.0,119.0,0.0,89.42,697.39,35.82,169.26,0.0,991.89
62,BANYAN TREE ADVISORS PRIVATE LIMITED,0.0,35.0,1555.0,346.0,0.0,0.0,1936.0,0.0,182.90284,4383.00621,1064.23348,0.0,0.0,5630.14254
63,BARCLAYS SECURITIES (INDIA) PRIVATE LIMITED,0.0,48.0,76.0,10.0,0.0,0.0,134.0,0.0,1912.74218,1665.61539,460.28776,0.0,0.0,4038.64533
64,BARODA BNP PARIBAS ASSET MANAGEMENT INDIA PRIVATE LIMITED,0.0,0.0,0.0,0.0,0.0,0.0,0.0,0.0,0.0,0.0,0.0,0.0,0.0,0.0
65,BASANT MAHESHWARI WEALTH ADVISERS LLP,0.0,0.0,283.0,20.0,0.0,0.0,303.0,0.0,0.0,326.22727,23.23674,0.0,0.0,349.47401
66,BAY CAPITAL INVESTMENT ADVISORS PRIVATE LIMITED,0.0,6.0,63.0,0.0,1.0,0.0,70.0,0.0,35.15,70.51,0.0,0.0,0.0,105.66
67,BELLWETHER CAPITAL PRIVATE LIMITED,0.0,47.0,423.0,88.0,1.0,0.0,559.0,0.0,674.3881,1946.00415,594.1207,2.2631,0.0,3216.77604
68,BHANA EQUITY ADVISORS LLP,0.0,3.0,100.0,39.0,0.0,0.0,142.0,0.0,18.07969,507.20124,472.16345,0.0,0.0,997.44438
69,BIRLA SUN LIFE ASSET MANAGEMENT COMPANY LIMITED,0.0,53.0,1593.0,418.0,0.0,0.0,2064.0,0.0,207.07071,1562.52944,586.1859,0.0,0.0,2355.78605
70,BLACKSOIL ASSET MANAGEMENT PRIVATE LIMITED,0.0,7.0,4.0,2.0,0.0,0.0,13.0,0.0,38.0,12.0,8.0,0.0,0.0,58.0
71,BLUE 91 PORTFOLIO MANAGERS LLP,0.0,0.0,4.0,0.0,0.0,0.0,4.0,0.0,0.0,2.06,0.0,0.0,0.0,2.06
72,BLUE ASHVA INDIA LLP,0.0,0.0,0.0,0.0,0.0,0.0,0.0,0.0,0.0,0.0,0.0,0.0,0.0,0.0
73,BMC ADVISORS PRIVATE LIMITED,0.0,0.0,0.0,0.0,0.0,0.0,0.0,0.0,0.0,0.0,0.0,0.0,0.0,0.0
74,BONANZA PORTFOLIO LIMITED,0.0,12.0,330.0,8.0,0.0,0.0,350.0,0.0,15.75,269.09,5.82,0.0,0.0,290.66
75,BRAIN POINT INVESTMENT CENTRE PVT LTD,0.0,23.0,761.0,54.0,0.0,0.0,838.0,0.0,833.45414,5837.22954,321.23947,0.0,0.0,6991.92316
76,BRIGHTSEEDS ADVISORS LLP,0.0,0.0,0.0,0.0,0.0,0.0,0.0,0.0,0.0,0.0,0.0,0.0,0.0,0.0
77,BUGLEROCK CAPITAL PRIVATE LIMITED,0.0,68.0,358.0,43.0,1.0,0.0,470.0,0.0,2163.39,1647.16,113.31,17.62,0.0,3941.48
78,BUOYANT CAPITAL PRIVATE LIMITED,0.0,298.0,2507.0,211.0,0.0,0.0,3016.0,0.0,1152.82,3025.13,191.12,0.0,0.0,4369.07
79,BURMAN CAPITAL MANAGEMENT PRIVATE LIMITED,0.0,7.0,15.0,0.0,0.0,0.0,22.0,0.0,469.1862,34.04654,0.0,0.0,0.0,503.23274
80,CACTUS PARTNERS LLP,0.0,0.0,0.0,0.0,0.0,0.0,0.0,0.0,0.0,0.0,0.0,0.0,0.0,0.0
81,CANARA ROBECO ASSET MANAGEMENT COMPANY LIMITED,0.0,0.0,0.0,0.0,0.0,0.0,0.0,0.0,0.0,0.0,0.0,0.0,0.0,0.0
82,CAPGROW CAPITAL ADVISORS LLP,0.0,10.0,148.0,8.0,0.0,0.0,166.0,0.0,28.70516,192.349,8.7726,0.0,0.0,229.82676
83,CAPITAL 8 LLP,0.0,7.0,27.0,0.0,0.0,0.0,34.0,0.0,65.62162,58.36517,0.0,0.0,0.0,123.98678
84,CAPITALMIND FINANCIAL SERVICES PRIVATE LIMITED,0.0,21.0,1319.0,0.0,0.0,0.0,1340.0,0.0,1013.0955,3960.3588,0.0,0.0,0.0,4973.4543
85,CAPSTOCKS AND SECURITIES (INDIA) PRIVATE,0.0,0.0,65.0,24.0,0.0,0.0,89.0,0.0,0.0,41.65,24.09,0.0,0.0,65.74
86,CARE PORTFOLIO MANAGERS PRIVATE LIMITED,0.0,12.0,416.0,282.0,2.0,0.0,712.0,0.0,17.4986,530.1955,392.29632,8.55281,0.0,948.54322
87,CARNELIAN ASSET MANAGEMENT  AND  ADVISORS PRIVATE LIMITED,0.0,340.0,2406.0,107.0,0.0,0.0,2853.0,0.0,2081.91404,4183.16377,259.05978,0.0,0.0,6524.1376
88,CASPIAN IMPACT INVESTMENT ADVISER PRIVATE LIMITED,0.0,0.0,0.0,0.0,0.0,0.0,1.0,0.0,0.0,0.0,0.0,0.0,0.0,38.5
89,CENTRUM BROKING LIMITED,0.0,49.0,511.0,58.0,0.0,0.0,618.0,0.0,196.29189,1198.03254,172.94765,0.0,0.0,1567.27208
90,CENTRUM INVESTMENT ADVISORS LIMITED,0.0,0.0,0.0,0.0,0.0,0.0,0.0,0.0,0.0,0.0,0.0,0.0,0.0,0.0
91,CHANAKYA CAPITAL SERVICES PRIVATE LIMITED,0.0,3.0,22.0,5.0,0.0,0.0,30.0,0.0,25.36503,236.05069,7.1464,0.0,0.0,268.56212
92,CHONA FINANCIAL SERVICES LTD,0.0,1.0,6.0,6.0,0.0,0.0,13.0,0.0,1.9721,41.5679,8.9194,0.0,0.0,52.4594
93,CITRUS ADVISORS PRIVATE LIMITED,0.0,8.0,76.0,8.0,0.0,0.0,92.0,0.0,12.49356,53.82131,3.91784,0.0,0.0,70.23272
94,CKREDENCE WEALTH MANAGEMENT PRIVATE LIMITED,0.0,13.0,354.0,26.0,0.0,0.0,393.0,0.0,65.89,521.55,20.59,0.0,0.0,608.03
95,CLEARVIEW CAPITAL ADVISORS PRIVATE LIMITED,0.0,1.0,2.0,0.0,0.0,0.0,3.0,0.0,3.1965,1.22757,0.0,0.0,0.0,4.42407
96,CLOCKVINE CAPITAL ADVISORS PVT LTD,0.0,2.0,19.0,0.0,0.0,0.0,21.0,0.0,11.34,124.86,0.0,0.0,0.0,136.2
97,CLUBMILLIONAIRE FINANCIAL SERVICES PRIVATE LIMITED,0.0,54.0,580.0,258.0,0.0,0.0,892.0,0.0,520.94,1855.97,705.42,0.0,0.0,3082.32
98,COMPLETE CIRCLEWEALTH SOLUTIONS LLP ,0.0,23.0,273.0,51.0,0.0,0.0,347.0,0.0,86.39,400.58,123.38,0.0,0.0,610.35
99,COMPOSITE INVESTMENTS PRIVATE LIMITED,0.0,9.0,109.0,10.0,0.0,0.0,128.0,0.0,141.16,238.82,23.91,0.0,0.0,403.89
100,COMPOUND EVERYDAY CAPITAL MANAGEMENT LLP,0.0,3.0,37.0,6.0,0.0,0.0,46.0,0.0,3.23,45.36,6.38,0.0,0.0,54.97
101,CONCEPT INVESTWELL PRIVATE LIMITED  ,0.0,3.0,48.0,7.0,0.0,0.0,58.0,0.0,7.33849,66.50056,6.80328,0.0,0.0,80.64233
102,CONSORTIUM SECURITIES PVT. LTD.,0.0,11.0,48.0,3.0,0.0,0.0,62.0,0.0,229.39376,217.68379,9.03655,0.0,0.0,456.1141
103,CONSTELLATION SPORTS  AND  ENTERTAINMENT PARTNERS LLP,0.0,0.0,0.0,0.0,0.0,0.0,0.0,0.0,0.0,0.0,0.0,0.0,0.0,0.0
104,CORPORATE BUSINESS ADVISORS PRIVATE LIMITED,0.0,1.0,0.0,0.0,0.0,0.0,2.0,0.0,3.0,0.0,0.0,0.0,0.0,8.0
105,COUNTER CYCLICAL INVESTMENTS PRIVATE LIMITED,0.0,16.0,305.0,50.0,0.0,0.0,371.0,0.0,17.85,572.6,47.36,0.0,0.0,637.81
106,COURSER PARK ADVISORS LLP,0.0,7.0,136.0,10.0,0.0,0.0,153.0,0.0,303.81989,218.52341,12.74,0.0,0.0,535.09331
107,CREDENT ASSET MANAGEMENT SERVICES PRIVATE LIMITED,0.0,5.0,57.0,0.0,0.0,0.0,62.0,0.0,12.3,167.77,0.0,0.0,0.0,180.07
108,CREDIT SUISSE SECURITIES INDIA PRIVATE LIMITED,1.0,120.0,170.0,16.0,0.0,0.0,307.0,277.26,1722.51,1508.83,79.41,0.0,0.0,3588.0
109,CX ADVISORS LLP,0.0,0.0,0.0,0.0,0.0,0.0,0.0,0.0,0.0,0.0,0.0,0.0,0.0,0.0
110,DALAL  AND  BROACHA STOCK BROKING PVT. LTD.,0.0,13.0,308.0,178.0,0.0,0.0,499.0,0.0,59.95,626.71,430.18,0.0,0.0,1116.84
111,DARASHAW  AND  COMPANY LTD,161.0,57.0,27.0,4.0,0.0,0.0,249.0,106170.30466,36728.37363,34.70354,8.99031,0.0,0.0,142942.37213
112,DEUTSCHE INVESTMENTS INDIA PRIVATE LIMITED,0.0,58.0,149.0,18.0,0.0,0.0,225.0,0.0,7623.74785,6846.49251,130.0605,0.0,0.0,14600.30087
113,DEZERV INVESTMENTS PRIVATE LIMITED,0.0,157.0,2542.0,120.0,0.0,0.0,2819.0,0.0,1919.37223,4856.08799,353.89263,0.0,0.0,7129.35285
114,DIVYA CAPITAL ONE PRIVATE LIMITED,0.0,1.0,4.0,0.0,0.0,0.0,5.0,0.0,0.55,1.95,0.0,0.0,0.0,2.5
115,DMZ PARTNERS INVESTMENT MANAGEMENT LLP,0.0,8.0,114.0,10.0,0.0,0.0,132.0,0.0,82.3,379.96,36.73,0.0,0.0,498.99
116,DRCHOKSEY FINSERV PRIVATE LIMITED,0.0,2.0,99.0,20.0,0.0,0.0,121.0,0.0,88.989,376.97,106.393,0.0,0.0,572.352
117,DRIV DRISHT LLP,0.0,0.0,17.0,0.0,0.0,0.0,17.0,0.0,0.0,20.03036,0.0,0.0,0.0,20.03036
118,DWAITH ADVISORY PRIVATE LIMITED,0.0,1.0,11.0,0.0,0.0,0.0,12.0,0.0,11.71643,35.04616,0.0,0.0,0.0,46.76259
119,DYNAMIC EQUITIES PRIVATE LIMITED,0.0,31.0,148.0,9.0,0.0,0.0,188.0,0.0,17.7837,96.3163,4.4214,0.0,0.0,118.5213
120,EAST GREEN ADVISORS LLP,0.0,2.0,61.0,3.0,0.0,0.0,66.0,0.0,5.28,58.1,3.9,0.0,0.0,67.28
121,EAST LANE CAPITAL LLP ,0.0,2.0,61.0,3.0,0.0,0.0,66.0,0.0,5.28,58.1,3.9,0.0,0.0,67.28
122,EDELWEISS ALTERNATIVE ASSET ADVISORS LIMITED,0.0,2.0,0.0,0.0,0.0,0.0,2.0,0.0,51.3103,0.0,0.0,0.0,0.0,51.3103
123,EDELWEISS ASSET MANAGEMENT LIMITED,0.0,3.0,46.0,0.0,0.0,0.0,49.0,0.0,2.87,28.58,0.0,0.0,0.0,31.45
124,EDELWEISS GLOBAL WEALTH MANAGEMENT LIMITED,0.0,0.0,0.0,0.0,0.0,0.0,0.0,0.0,0.0,0.0,0.0,0.0,0.0,0.0
125,EKLAVYA CAPITAL ADVISORS LLP,0.0,0.0,20.0,4.0,0.0,0.0,24.0,0.0,0.0,14.26884,2.63946,0.0,0.0,16.9083
126,ELECTRUM PORTFOLIO MANAGERS PRIVATE LIMITED,0.0,27.0,344.0,22.0,0.0,0.0,393.0,0.0,225.34443,559.02744,36.30671,0.0,0.0,820.67856
127,ELEVER INVESTMENT ADVISER PRIVATE LIMITED,0.0,0.0,22.0,0.0,0.0,0.0,22.0,0.0,0.0,13.24009,0.0,0.0,0.0,13.24009
128,ELITE WEALTH LIMITED,0.0,0.0,9.0,1.0,0.0,0.0,10.0,0.0,0.0,15.02,0.78,0.0,0.0,15.8
129,ELIXIR EQUITIES PVT. LTD.,0.0,0.0,25.0,0.0,0.0,0.0,25.0,0.0,0.0,18.27,0.0,0.0,0.0,18.27
130,EMKAY INVESTMENT MANAGERS LIMITED,0.0,26.0,265.0,52.0,1.0,0.0,344.0,0.0,198.10506,462.05289,69.65363,22.85714,0.0,752.66872
131,ENAM ASSET MANAGEMENT CO.PVT.LTD,0.0,238.0,1233.0,256.0,2.0,0.0,1729.0,0.0,4303.82242,8338.46529,1748.9409,27673.16729,0.0,42064.39591
132,ENTRUST FAMILY OFFICE INVESTMENT ADVISORS PRIVATE LIMITED,0.0,5.0,26.0,4.0,0.0,0.0,35.0,0.0,53.96537,40.22345,733.85554,0.0,0.0,828.04436
133,ENVISION CAPITAL SERVICES PVT.LTD.,0.0,7.0,84.0,1.0,0.0,1.0,93.0,0.0,52.64,145.05,0.85,0.0,1420.38,1618.92
134,EPIQ CAPITAL INVESTMENT ADVISORY LLP,0.0,0.0,0.0,0.0,0.0,0.0,0.0,0.0,0.0,0.0,0.0,0.0,0.0,0.0
135,EQUANIMITY MANAGEMENT SERVICES LLP,0.0,0.0,0.0,0.0,0.0,0.0,0.0,0.0,0.0,0.0,0.0,0.0,0.0,0.0
136,EQUENTIS WEALTH ADVISORY SERVICES LIMITED,0.0,0.0,0.0,0.0,0.0,0.0,0.0,0.0,0.0,0.0,0.0,0.0,0.0,0.0
137,EQUIPOISE CAPITAL MANAGEMENT PRIVATE LIMITED,0.0,2.0,25.0,0.0,1.0,0.0,28.0,0.0,4.1,64.24,0.0,213.11,0.0,281.45
138,EQUIRUS WEALTH PRIVATE LIMITED,0.0,27.0,384.0,69.0,0.0,0.0,480.0,0.0,73.03,500.35,60.93,0.0,0.0,634.31
139,EQUITREE CAPITAL ADVISORS PRIVATE LIMITED,0.0,25.0,168.0,14.0,1.0,0.0,208.0,0.0,167.66456,295.97295,62.17343,40.0,0.0,565.81094
140,EQUITY INTELLIGENCE INDIA PVT. LTD.,0.0,11.0,917.0,366.0,0.0,0.0,1294.0,0.0,39.6,1455.38,502.22,0.0,0.0,1997.2
141,ESCORP ASSET MANAGEMENT LIMITED,0.0,1.0,1.0,0.0,0.0,0.0,2.0,0.0,0.62602,0.87691,0.0,0.0,0.0,1.50293
142,ESTEE ADVISORS PRIVATE LIMITED,0.0,28.0,91.0,1.0,0.0,0.0,120.0,0.0,124.78,148.38,0.58,0.0,0.0,273.74
143,EUREKA PORTFOLIO MANAGEMENT SERVICES PVT LTD,0.0,6.0,47.0,0.0,0.0,0.0,53.0,0.0,5.76,46.14,0.0,0.0,0.0,51.9
144,FIDENT ASSET MANAGEMENT PRIVATE LIMITED,0.0,2.0,7.0,0.0,0.0,0.0,9.0,0.0,1.03,5.24,0.0,0.0,0.0,6.27
145,FINCOS TECHNOLOGY SOLUTIONS PRIVATE LIMITED,0.0,1.0,1.0,0.0,0.0,0.0,2.0,0.0,2.00201,0.46585,0.0,0.0,0.0,2.46786
146,FINDOC INVESTMART PRIVATE LIMITED,0.0,0.0,0.0,0.0,0.0,0.0,0.0,0.0,0.0,0.0,0.0,0.0,0.0,0.0
147,FINWIZARD TECHNOLOGY PRIVATE LIMITED,0.0,0.0,1.0,0.0,0.0,0.0,1.0,0.0,0.0,0.50128,0.0,0.0,0.0,0.50128
148,FIRESIDE INVESTMENT ADVISORY LLP ,0.0,0.0,0.0,0.0,0.0,0.0,0.0,0.0,0.0,0.0,0.0,0.0,0.0,0.0
149,FIRESIDE VENTURES ADVISORY LLP ,0.0,0.0,0.0,0.0,0.0,0.0,0.0,0.0,0.0,0.0,0.0,0.0,0.0,0.0
150,FIRST BRIDGE INVESTMENT MANAGERS PRIVATE LIMITED,0.0,0.0,0.0,0.0,0.0,0.0,0.0,0.0,0.0,0.0,0.0,0.0,0.0,0.0
151,FIRST GLOBAL FINANCE PVT LTD,0.0,12.0,233.0,47.0,0.0,0.0,292.0,0.0,70.42,353.38,48.37,0.0,0.0,472.17
152,FIRSTPORT VENTURES LLP,0.0,0.0,0.0,0.0,0.0,0.0,0.0,0.0,0.0,0.0,0.0,0.0,0.0,0.0
153,FIVE RIVERS PORTFOLIO MANAGERS PRIVATE LIMITED,0.0,1.0,71.0,13.0,0.0,0.0,85.0,0.0,4.87047,164.06912,27.87729,0.0,0.0,196.81688
154,FORT CAPITAL INVESTMENT ADVISORY PRIVATE LIMITED,0.0,7.0,75.0,7.0,0.0,0.0,89.0,0.0,17.1,103.42,7.87,0.0,0.0,128.39
155,FORTUNA INVESTMENT ADVISORS LLP,0.0,1.0,26.0,0.0,0.0,0.0,27.0,0.0,8.41,22.65,0.0,0.0,0.0,31.06
156,FORTUNE WEALTH MANAGEMENT COMPANY INDIA PRIVATE LIMITED,0.0,6.0,36.0,0.0,0.0,0.0,42.0,0.0,194.7,132.81,0.0,0.0,0.0,327.51
157,FOUR DIMENSIONS ADVISORS PRIVATE LIMITED,0.0,0.0,0.0,0.0,0.0,0.0,0.0,0.0,0.0,0.0,0.0,0.0,0.0,0.0
158,FRACTAL CAPITAL INVESTMENTS LLP,0.0,2.0,38.0,9.0,0.0,0.0,49.0,0.0,6.51279,56.74234,17.49617,0.0,0.0,80.7513
159,FRANKLIN TEMPLETON ASSET MANAGEMENT (INDIA) PRIVATE LIMITED,0.0,0.0,0.0,0.0,3.0,0.0,3.0,0.0,0.0,0.0,0.0,36528.20538,0.0,36528.20538
160,FUNDAMENTUM INVESTMENT ADVISORS LLP,0.0,1.0,0.0,0.0,0.0,0.0,1.0,0.0,0.0,0.0,0.0,0.0,0.0,0.0
161,FYERS ASSET MANAGEMENT PRIVATE LIMITED,0.0,1.0,0.0,0.0,0.0,0.0,1.0,0.0,10.06,0.0,0.0,0.0,0.0,10.06
162,GAJA ALTERNATIVE ASSET MANAGEMENT PRIVATE LIMITED,0.0,0.0,0.0,0.0,0.0,0.0,0.0,0.0,0.0,0.0,0.0,0.0,0.0,0.0
163,GEOJIT FINANCIAL SERVICES LIMITED,0.0,17.0,1697.0,179.0,0.0,0.0,1893.0,0.0,11.62,1185.75,131.02,0.0,0.0,1328.39
164,GIRIK WEALTH ADVISORS PRIVATE LIMITED,0.0,71.0,427.0,1.0,0.0,0.0,499.0,0.0,503.83,1407.73,1.1863,0.0,0.0,1912.75
165,GLOBALWORTH SECURITIES LIMITED,0.0,0.0,0.0,0.0,0.0,0.0,0.0,0.0,0.0,0.0,0.0,0.0,0.0,0.0
166,GLOBE CAPITAL MARKET LTD.,0.0,58.0,357.0,13.0,0.0,0.0,428.0,0.0,952.07666,509.86627,25.11162,0.0,0.0,1487.05455
167,GOLDMAN SACHS ASSET MANAGEMENT (INDIA) PRIVATE LIMITED,0.0,0.0,0.0,0.0,1.0,0.0,1.0,0.0,0.0,0.0,0.0,0.0,0.0,0.0
168,GOOD FORTUNE CAPITALS PRIVATE LIMITED,0.0,0.0,2.0,1.0,0.0,0.0,3.0,0.0,0.0,1.11476,2.61999,0.0,0.0,3.73474
169,GREEN LANTERN CAPITAL LLP,0.0,48.0,627.0,33.0,0.0,0.0,708.0,0.0,107.71466,812.14008,45.70335,0.0,0.0,965.55809
170,GREEN PORTFOLIO PRIVATE LIMITED,0.0,20.0,235.0,47.0,2.0,0.0,304.0,0.0,173.48,474.0,60.92392,1.61,0.0,710.01392
171,GROWW WEALTH MANAGEMENT PRIVATE LIMITED,0.0,0.0,0.0,0.0,0.0,0.0,0.0,0.0,0.0,0.0,0.0,0.0,0.0,0.0
172,GUARDIAN ADVISORS PVT LTD,0.0,12.0,17.0,0.0,0.0,0.0,29.0,0.0,985.2614,37.61131,0.0,0.0,0.0,1022.87271
173,GUARDIAN ASSET MANAGEMENT PRIVATE LIMITED,0.0,3.0,36.0,2.0,0.0,0.0,41.0,0.0,24.49,87.11,1.35,0.0,0.0,112.95
174,HANUT ALTERNATE INVESTMENTS LLP,0.0,0.0,15.0,0.0,0.0,0.0,15.0,0.0,0.0,34.301,0.0,0.0,0.0,34.301
175,HARMONEY FINSERV INDIA PRIVATE LIMITED,0.0,9.0,110.0,6.0,0.0,0.0,125.0,0.0,12.1082,140.4272,5.8771,0.0,0.0,158.4125
176,HDFC ASSET MANAGEMENT COMPANY LIMITED,0.0,19.0,80.0,8.0,0.0,0.0,107.0,0.0,2693.32,1038.3,16.39,0.0,0.0,3748.01
177,HEDGE EQUITIES LTD,0.0,1.0,0.0,0.0,0.0,0.0,1.0,0.0,0.77,0.0,0.0,0.0,0.0,0.77
178,HELIOS CAPITAL ASSET MANAGEMENT (INDIA) PRIVATE LIMITED,0.0,88.0,662.0,60.0,1.0,0.0,811.0,0.0,471.13,1117.93,57.8,2179.2,0.0,3826.06
179,HEM SECURITIES LIMITED,0.0,18.0,211.0,7.0,0.0,0.0,236.0,0.0,29.45,226.72,4.47,0.0,0.0,260.65
180,HIMALAYA INVESTMENT ADVISORS LLP,0.0,13.0,30.0,1.0,1.0,0.0,45.0,0.0,217.8665,121.55553,6.45826,47.80672,0.0,393.68702
181,HPMG SHARES AND SECURITIES PRIVATE LIMITED,0.0,2.0,32.0,4.0,0.0,0.0,38.0,0.0,1.98282,25.83588,2.3179,0.0,0.0,30.13659
182,HSBC ASSET MANAGEMENT (INDIA) PVT. LTD.,0.0,1.0,499.0,207.0,0.0,0.0,707.0,0.0,0.48,381.02,125.48,0.0,0.0,506.98
183,ICICI PRUDENTIAL ASSET MANAGEMENT COMPANY LTD.,0.0,802.0,20396.0,1253.0,0.0,0.0,22451.0,0.0,2656.98,18942.37,1236.43,0.0,0.0,22835.78
184,ICICI SECURITIES LIMITED,0.0,95.0,1601.0,31.0,0.0,0.0,1727.0,0.0,644.23321,2830.65524,53.0137,0.0,0.0,3527.90215
185,ICICI VENTURE FUNDS MANAGEMENT COMPANY LIMITED,0.0,0.0,0.0,0.0,0.0,0.0,0.0,0.0,0.0,0.0,0.0,0.0,0.0,0.0
186,IDBI CAPITAL MARKET SERVICES LTD,3.0,2.0,0.0,0.0,0.0,0.0,5.0,4404.99,4435.69,0.0,0.0,0.0,0.0,8840.68
187,IMPETUS ARTHASUTRA PRIVATE LIMITED,0.0,1.0,42.0,20.0,0.0,0.0,63.0,0.0,1.00245,45.56355,26.95041,0.0,0.0,73.51641
188,INCRED ASSET MANAGEMENT PRIVATE LIMITED,0.0,61.0,385.0,27.0,0.0,0.0,473.0,0.0,456.25892,612.22748,45.47814,0.0,0.0,1113.96454
189,INCRED CAPITAL WEALTH PORTFOLIO MANAGERS PRIVATE LIMITED,0.0,17.0,39.0,4.0,0.0,0.0,60.0,0.0,217.82,398.75,4.74,0.0,0.0,621.31
190,INDIA INFOLINE LTD,0.0,3.0,15.0,1.0,0.0,0.0,19.0,0.0,29.12,72.68,1.9,0.0,0.0,103.7
191,INDIABULLS INVESTMENT MANAGEMENT LIMITED,0.0,16.0,233.0,3.0,0.0,0.0,252.0,0.0,3.75,15.34,0.3,0.0,0.0,19.39
192,INDIAN ANGEL NETWORK SERVICES PRIVATE LIMITED,0.0,0.0,0.0,0.0,0.0,0.0,0.0,0.0,0.0,0.0,0.0,0.0,0.0,0.0
193,INDSEC SECURITIES AND FINANCE LTD.,0.0,0.0,0.0,0.0,0.0,0.0,0.0,0.0,0.0,0.0,0.0,0.0,0.0,0.0
194,INFINITY ALTERNATIVES INVESTMENT MANAGERS PRIVATE LIMITED,0.0,12.0,35.0,4.0,1.0,0.0,52.0,0.0,86.18218,91.58818,63.66173,2.51,0.0,243.94209
195,INSIGHTFUL INVESTMENT MANAGER LLP,0.0,8.0,8.0,0.0,0.0,0.0,16.0,0.0,245.64,103.56,0.0,0.0,0.0,349.2
196,INTEGROW ASSET MANAGEMENT PRIVATE LIMITED,0.0,1.0,0.0,0.0,0.0,0.0,1.0,0.0,0.5,0.0,0.0,0.0,0.0,0.5
197,INVASSET LLP,0.0,31.0,410.0,46.0,0.0,0.0,487.0,0.0,73.46849,316.39277,24.08027,0.0,0.0,413.94153
198,INVESCO ASSET MANAGEMENT (INDIA) PRIVATE LIMITED,0.0,32.0,681.0,48.0,4.0,1.0,766.0,0.0,102.61313,654.23503,48.24197,17532.44423,2879.73129,21217.26565
199,INVESQ INVESTMENT MANAGERS LLP,0.0,6.0,69.0,0.0,0.0,0.0,75.0,0.0,7.84226,89.67816,0.0,0.0,0.0,97.52042
200,INVESTCORP INDIA ASSET MANAGERS PRIVATE LIMITED,0.0,6.0,1.0,0.0,0.0,0.0,7.0,0.0,180.0,75.0,0.0,0.0,0.0,255.0
201,INVESTSAVVY PORTFOLIO MANAGEMENT LLP,0.0,3.0,38.0,2.0,0.0,0.0,43.0,0.0,6.82858,88.63418,4.31971,0.0,0.0,99.78247
202,IRONCLAD ASSET MANAGEMENT LLP,0.0,0.0,0.0,0.0,0.0,0.0,0.0,0.0,0.0,0.0,0.0,0.0,0.0,0.0
203,ITHOUGHT FINANCIAL CONSULTING LLP,0.0,44.0,1111.0,216.0,0.0,0.0,1371.0,0.0,132.46,2317.32,335.03,0.0,0.0,2784.81
204,ITI ALTERNATE FUNDS MANAGEMENT LIMITED,0.0,0.0,1.0,0.0,0.0,0.0,1.0,0.0,0.0,27.36362,0.0,0.0,0.0,27.36362
205,ITUS CAPITAL ADVISORS PVT LTD,0.0,48.0,399.0,72.0,7.0,0.0,526.0,0.0,361.03,907.34,141.17,160.0,0.0,1569.54
206,IVYCAP VENTURES ADVISORS PRIVATE LIMITED,0.0,0.0,0.0,0.0,0.0,0.0,0.0,0.0,0.0,0.0,0.0,0.0,0.0,0.0
207,JAIN INVESTMENT ADVISORS PVT. LTD,0.0,49.0,838.0,172.0,0.0,0.0,1059.0,0.0,160.73162,1296.62687,255.26733,0.0,0.0,1712.62581
208,JAINAM BROKING LIMITED,0.0,1.0,9.0,0.0,0.0,0.0,10.0,0.0,1.44,6.28,0.0,0.0,0.0,7.72
209,JAMA WEALTH ASSET MANAGEMENT PRIVATE LIMITED,0.0,1.0,46.0,4.0,0.0,0.0,51.0,0.0,2.42,70.02,3.48,0.0,0.0,75.92
210,JANAK MERCHANT SECURITIES PVT LTD,0.0,3.0,228.0,37.0,4.0,0.0,272.0,0.0,39.31,539.02,159.8,29.77,0.0,767.9
211,JASHVIK CAPITAL ADVISORY LLP,0.0,0.0,0.0,0.0,0.0,0.0,0.0,0.0,0.0,0.0,0.0,0.0,0.0,0.0
212,JEETAY INVESTMENTS PVT LTD,0.0,12.0,133.0,16.0,0.0,0.0,161.0,0.0,244.53,713.13,47.86,0.0,0.0,1005.52
213,JM FINANCIAL LIMITED,0.0,65.0,313.0,23.0,0.0,0.0,401.0,0.0,799.9,1123.54,100.93,0.0,0.0,2024.35
214,JOINDRE CAPITAL SERVICES LIMITED,0.0,3.0,36.0,6.0,0.0,0.0,45.0,0.0,10.4589,46.78862,6.80764,0.0,0.0,64.05516
215,JULIUS BAER WEALTH ADVISORS INDIA PRIVATE LIMITED,0.0,108.0,461.0,22.0,0.0,1.0,592.0,0.0,1658.75537,3724.69182,219.79166,0.0,3035.90674,8639.14558
216,KAE CAPITAL MANAGEMENT PRIVATE LIMITED,0.0,0.0,0.0,0.0,0.0,0.0,0.0,0.0,0.0,0.0,0.0,0.0,0.0,0.0
217,KAPM VENTURES LLP,0.0,1.0,12.0,0.0,0.0,0.0,13.0,0.0,8.89,131.33,0.0,0.0,0.0,140.22
218,KARMA CAPITAL ADVISORS PVT. LTD.,0.0,11.0,122.0,22.0,3.0,0.0,158.0,0.0,54.51972,185.5938,102.31258,6470.71781,0.0,6813.14391
219,KARVY CAPITAL LIMITED,0.0,20.0,1011.0,0.0,0.0,0.0,1031.0,0.0,14.31,270.18,0.0,0.0,0.0,284.49
220,KB CAPITAL MARKETS PVT. LTD.,0.0,18.0,187.0,16.0,0.0,0.0,221.0,0.0,59.04,324.21,15.38,0.0,0.0,398.63
221,KEDIA SHARES  AND  STOCKS BROKERS LTD,0.0,4.0,48.0,8.0,0.0,0.0,60.0,0.0,2.69001,75.96625,6.80183,0.0,0.0,85.45809
222,KLAY SECURITIES PRIVATE LIMITED,0.0,4.0,96.0,16.0,0.0,0.0,116.0,0.0,6.31,473.39,61.8,0.0,0.0,541.49
223,KOTAK ALTERNATE ASSET MANAGERS LIMITED,0.0,0.0,0.0,0.0,0.0,0.0,0.0,0.0,0.0,0.0,0.0,0.0,0.0,0.0
224,KOTAK MAHINDRA ASSET MANAGEMENT COMPANY LTD,0.0,79.0,1169.0,211.0,0.0,0.0,1459.0,0.0,902.253,3278.05093,233.73442,0.0,0.0,4414.03835
225,KOTAK SECURITIES LTD,0.0,0.0,0.0,0.0,0.0,0.0,0.0,0.0,0.0,0.0,0.0,0.0,0.0,0.0
226,KRIIS PORTFOLIO PVT. LTD.,0.0,9.0,163.0,1.0,0.0,0.0,173.0,0.0,49.89523,246.03236,0.9075,0.0,0.0,296.83509
227,KSEMA WEALTH PVT LTD,0.0,0.0,37.0,25.0,1.0,0.0,63.0,0.0,0.0,60.95735,29.5046,42.01942,0.0,132.48137
228,KUNVARJI FINSTOCK PRIVATE LIMITED,0.0,0.0,9.0,5.0,0.0,0.0,14.0,0.0,0.0,5.41,2.73,0.0,0.0,8.14
229,KYNG CAPITAL MANAGEMENT PRIVATE LIMITED,0.0,4.0,3.0,0.0,0.0,0.0,7.0,0.0,138.36,8.45,0.0,0.0,0.0,146.81
230,LABURNUM CAPITAL ADVISORS PRIVATE LIMITED,0.0,6.0,15.0,5.0,2.0,0.0,28.0,0.0,110.02,151.87,49.85,3812.63,0.0,4124.37
231,LADDERUP WEALTH MANAGEMENT PVT LTD ,0.0,5.0,79.0,16.0,0.0,0.0,100.0,0.0,11.5405,107.49846,18.02573,0.0,0.0,137.06469
232,LAKEWATER ADVISORS PRIVATE LIMITED,0.0,7.0,38.0,2.0,0.0,0.0,47.0,0.0,6.26565,42.74454,2.75105,0.0,0.0,51.76124
233,LATENT ADVISORS LLP,0.0,4.0,47.0,1.0,0.0,0.0,52.0,0.0,13.16834,68.31322,1.2029,0.0,0.0,82.68446
234,LAUREL SECURITIES PRIVATE LIMITED,0.0,0.0,0.0,0.0,0.0,0.0,0.0,0.0,0.0,0.0,0.0,0.0,0.0,0.0
235,LC CAPITAL INDIA PRIVATE LIMITED,0.0,0.0,1.0,0.0,0.0,0.0,1.0,0.0,0.0,1.3,0.0,0.0,0.0,1.3
236,LC NUEVA INVESTMENT PARTNERS LLP,0.0,0.0,0.0,0.0,0.0,0.0,0.0,0.0,0.0,0.0,0.0,0.0,0.0,0.0
237,LGT WEALTH INDIA PRIVATE LIMITED,0.0,29.0,147.0,21.0,0.0,0.0,197.0,0.0,926.85,675.73,78.12,0.0,0.0,1680.69
238,LIGHTHOUSE AMC PRIVATE LIMITED,0.0,0.0,5.0,0.0,0.0,0.0,5.0,0.0,0.0,34.99,0.0,0.0,0.0,34.99
239,LKP SECURITIES LTD,0.0,0.0,0.0,0.0,0.0,0.0,0.0,0.0,0.0,0.0,0.0,0.0,0.0,0.0
240,M/S JHP SECURITIES PRIVATE LIMITED,0.0,2.0,59.0,8.0,0.0,0.0,69.0,0.0,2.6137,105.26093,9.20326,0.0,0.0,117.07789
241,"M/S.ASTEYA INVESTMENT MANAGERS LLP,",0.0,0.0,0.0,0.0,0.0,0.0,0.0,0.0,0.0,0.0,0.0,0.0,0.0,0.0
242,MAGADH CAPITAL ADVISORS LLP,0.0,3.0,21.0,2.0,0.0,0.0,26.0,0.0,10.79054,32.71049,19.39387,0.0,0.0,62.8949
243,MANSI SHARE  AND  STOCK ADVISORS PRIVATE LIMITED ,0.0,8.0,157.0,3.0,0.0,0.0,168.0,0.0,11.08397,146.91675,1.61121,0.0,0.0,159.61193
244,MARATHON TRENDS ADVISORY PRIVATE LIMITED,0.0,46.0,652.0,23.0,0.0,0.0,721.0,0.0,130.6822,575.3548,39.57063,0.0,0.0,745.60763
245,MARCELLUS INVESTMENT MANAGERS PRIVATE LIMITED,0.0,171.0,3369.0,637.0,1.0,2.0,4180.0,0.0,561.64,3588.73,804.93,439.28,192.53,5587.1
246,MARFATIA STOCK BROKING PRIVATE LIMITED,0.0,5.0,58.0,2.0,0.0,0.0,65.0,0.0,12.63,74.75,2.5,0.0,0.0,89.88
247,MARKETS MOJO ASSET MANAGEMENT PRIVATE LIMITED,0.0,15.0,704.0,163.0,0.0,0.0,882.0,0.0,17.94,756.6,181.5,0.0,0.0,956.04
248,MASTER PORTFOLIO SERVICES LTD,0.0,34.0,266.0,24.0,0.0,0.0,324.0,0.0,107.34151,346.23632,34.68947,0.0,0.0,488.2673
249,MAXIMAL CAPITAL PRIVATE LIMITED,0.0,4.0,72.0,11.0,0.0,0.0,87.0,0.0,7.03046,134.22439,26.70262,0.0,0.0,167.95747
250,MEHTA EQUITIES LIMITED,0.0,17.0,74.0,2.0,0.0,0.0,93.0,0.0,30.43752,163.85415,5.35312,0.0,0.0,199.64479
251,MERISIS ADVISORS PRIVATE LIMITED,0.0,1.0,10.0,0.0,0.0,0.0,11.0,0.0,0.57583,6.3793,0.0,0.0,0.0,6.95512
252,MICROSEC WEALTH MANAGEMENT LIMITED ,0.0,2.0,1.0,0.0,0.0,0.0,3.0,0.0,57.34098,1.29776,0.0,0.0,0.0,58.63874
253,MILESTONE CAPITAL ADVISORS PRIVATE LIMITED,0.0,0.0,32.0,0.0,0.0,0.0,32.0,0.0,0.0,6.39,0.0,0.0,0.0,6.39
254,MILLENNIUM FINANCE LTD.,0.0,0.0,0.0,0.0,0.0,0.0,0.0,0.0,0.0,0.0,0.0,0.0,0.0,0.0
255,MITTAL ANALYTICS PRIVATE LIMITED,0.0,3.0,35.0,0.0,0.0,0.0,38.0,0.0,8.82,283.01,0.0,0.0,0.0,291.83
256,MIV INVESTMENT SERVICES PVT. LTD.,0.0,30.0,326.0,46.0,0.0,0.0,402.0,0.0,189.29,1565.65,274.65,0.0,0.0,2029.59
257,MO ALTERNATE INVESTMENT ADVISORS PRIVATE LIMITED,0.0,6.0,13.0,2.0,0.0,0.0,21.0,0.0,39.84395,77.99964,9.55724,0.0,0.0,127.40104
258,MOAT FINANCIAL SERVICES PRIVATE LIMITED,0.0,5.0,156.0,36.0,0.0,0.0,197.0,0.0,5.54,189.21,29.55,0.0,0.0,224.3
259,MOLECULE VENTURES LLP,0.0,34.0,347.0,25.0,0.0,0.0,406.0,0.0,214.3207,463.15106,27.01449,0.0,0.0,704.48625
260,MONARCH NETWORTH CAPITAL LIMITED,0.0,0.0,2.0,0.0,0.0,0.0,2.0,0.0,0.0,0.0,0.0,0.0,0.0,0.0
261,MONEYBEE SECURITIES PRIVATE LIMITED,0.0,3.0,70.0,12.0,0.0,0.0,85.0,0.0,5.5655,127.2682,29.6436,0.0,0.0,162.4773
262,MONEYGROW ASSET PRIVATE LIMITED,0.0,19.0,133.0,8.0,0.0,0.0,160.0,0.0,131.34,292.32,8.93,0.0,0.0,432.6
263,MONEYLIFE ADVISORY SERVICES PVT LTD,0.0,2.0,131.0,10.0,0.0,0.0,143.0,0.0,37.7052,215.23269,16.82128,0.0,0.0,269.75918
264,MOTILAL OSWAL ASSET MANAGEMENT COMPANY LIMITED,0.0,318.0,10547.0,1045.0,0.0,0.0,11910.0,0.0,1967.01541,11562.1043,1702.01911,0.0,0.0,15231.13882
265,MOTILAL OSWAL WEALTH LIMITED,0.0,97.0,399.0,11.0,0.0,0.0,507.0,0.0,1795.96243,3368.63562,18.70225,0.0,0.0,5183.3003
266,MRG INVESTMENT PARTNERS PRIVATE LIMITED,0.0,0.0,43.0,7.0,0.0,0.0,50.0,0.0,0.0,55.05771,5.31167,0.0,0.0,60.36938
267,MULTI-ACT EQUITY CONSULTANCY PVT LTD,0.0,26.0,181.0,37.0,0.0,0.0,244.0,0.0,745.25,560.14,121.75,0.0,0.0,1427.15
268,MULTIPLES ALTERNATE ASSET MANAGEMENT PRIVATE LIMITED,0.0,2.0,1.0,0.0,0.0,0.0,3.0,0.0,370.0,50.0,0.0,0.0,0.0,420.0
269,MUNOTH FINANCIAL SERVICES LTD,0.0,0.0,0.0,0.0,0.0,0.0,0.0,0.0,0.0,0.0,0.0,0.0,0.0,0.0
270,NAFA ASSET MANAGERS PRIVATE LIMITED,0.0,25.0,211.0,67.0,0.0,0.0,303.0,0.0,59.1605,280.1724,143.9165,0.0,0.0,483.2494
271,NARNOLIA  FINANCIAL SERVICES LTD,0.0,14.0,156.0,14.0,1.0,0.0,185.0,0.0,73.94,775.05,46.65,143.31,0.0,1038.95
272,NEGEN CAPITAL SERVICES PRIVATE LIMITED,0.0,44.0,700.0,128.0,0.0,0.0,872.0,0.0,78.33697,834.60701,137.59641,0.0,0.0,1050.54039
273,NEO ASSET MANAGEMENT PRIVATE LIMITED,0.0,52.0,126.0,5.0,0.0,0.0,183.0,0.0,850.54,646.07,14.82,0.0,0.0,1511.43
274,NEOLIV CAPITAL ADVISORY PRIVATE LIMITED,0.0,0.0,0.0,0.0,0.0,0.0,0.0,0.0,0.0,0.0,0.0,0.0,0.0,0.0
275,NEW BERRY CAPITALS PVT. LTD.,0.0,3.0,8.0,0.0,0.0,0.0,11.0,0.0,3.25174,4.36806,0.0,0.0,0.0,7.6198
276,NEW HORIZON WEALTH MANAGEMENT PRIVATE LIMITED,0.0,0.0,4.0,0.0,0.0,0.0,4.0,0.0,0.0,12.39,0.0,0.0,0.0,12.39
277,NINE RIVERS CAPITAL HOLDINGS PRIVATE LIMITED,0.0,33.0,389.0,35.0,0.0,0.0,457.0,0.0,105.50932,589.77417,64.68169,0.0,0.0,759.96517
278,NIPPON LIFE INDIA AIF MANAGEMENT LIMITED,0.0,0.0,0.0,0.0,0.0,0.0,0.0,0.0,0.0,0.0,0.0,0.0,0.0,0.0
279,NIPPON LIFE INDIA ASSET MANAGEMENT LIMITED ,0.0,195.0,900.0,84.0,0.0,0.0,1179.0,0.0,78169.71,469.68,99.27,0.0,0.0,78738.66
280,NIRMAL BANG SECURITIES PRIVATE LIMITED,0.0,3.0,86.0,5.0,0.0,0.0,94.0,0.0,8.17109,145.30185,6.09633,0.0,0.0,159.56927
281,NJ ASSET MANAGEMENT PRIVATE LIMITED,0.0,41.0,3419.0,70.0,0.0,0.0,3530.0,0.0,294.257,4117.874,76.775,0.0,0.0,4488.906
282,NMR CAPITAL ADVISORS LLP,0.0,0.0,0.0,0.0,0.0,0.0,0.0,0.0,0.0,0.0,0.0,0.0,0.0,0.0
283,NNM SECURITIES PRIVATE LIMITED,0.0,0.0,7.0,0.0,0.0,0.0,7.0,0.0,0.0,5.9,0.0,0.0,0.0,5.9
284,NORTHERN ARC INVESTMENT MANAGERS PRIVATE LIMITED,0.0,20.0,36.0,0.0,0.0,0.0,56.0,0.0,133.88669,77.78212,0.0,0.0,0.0,211.66881
285,NUVAMA ASSET MANAGEMENT LIMITED,0.0,189.0,732.0,14.0,0.0,0.0,935.0,0.0,2144.7,3250.5,164.23,0.0,0.0,5559.43
286,NV ALPHA FUND MANAGEMENT LLP,0.0,4.0,6.0,0.0,0.0,0.0,10.0,0.0,83.6726,267.79976,0.0,0.0,0.0,351.47236
287,OAKLANE CAPITAL MANAGEMENT LLP,0.0,14.0,49.0,5.0,0.0,0.0,68.0,0.0,3396.90836,1858.46823,58.72987,0.0,0.0,5314.10646
288,OAKS ASSET MANAGEMENT PRIVATE LIMITED,0.0,80.0,252.0,15.0,0.0,1.0,348.0,0.0,263.27284,298.79607,31.73113,0.0,0.0,593.80003
289,OCEAN DIAL ASSET MANAGEMENT INDIA PRIVATE LIMITED,0.0,21.0,136.0,22.0,0.0,0.0,179.0,0.0,364.93,386.67,76.19,0.0,0.0,827.79
290,OHM PORTFOLIO EQUI RESEARCH PVT LTD.,0.0,0.0,7.0,0.0,0.0,0.0,7.0,0.0,0.0,650.62402,0.0,0.0,0.0,650.62402
291,OLD BRIDGE CAPITAL MANAGEMENT PVT. LTD.,0.0,55.0,327.0,3.0,2.0,0.0,387.0,0.0,270.54555,1101.49424,2.46029,7722.3,0.0,9096.80008
292,ORIOS ADVISORS LLP,0.0,0.0,0.0,0.0,0.0,0.0,0.0,0.0,0.0,0.0,0.0,0.0,0.0,0.0
293,P.C.S SECURITIES LIMITED,0.0,1.0,28.0,0.0,0.0,0.0,29.0,0.0,2.5,20.38,0.0,0.0,0.0,22.88
294,PACE FINANCIAL INVESTMENT ADVISER PRIVATE LIMITED,0.0,10.0,50.0,4.0,0.0,0.0,64.0,0.0,592.78,141.78,3.92,0.0,0.0,738.48
295,PARAG PARIKH FINANCIAL ADVISORY SERVICES LIMITED,0.0,0.0,2.0,13.0,0.0,0.0,15.0,0.0,0.0,16.89,64.3,0.0,0.0,81.19
296,PATERSON SECURITIES PRIVATE LTD,0.0,0.0,22.0,6.0,0.0,0.0,28.0,0.0,0.0,19.3,27.64,0.0,0.0,46.94
297,PAVESTONE ADVISORS AND CONSULTANTS LLP,0.0,3.0,0.0,0.0,0.0,0.0,3.0,0.0,14.99,0.0,0.0,0.0,0.0,14.99
298,PELICAN HOLDINGS PRIVATE LIMITED,0.0,3.0,30.0,0.0,0.0,0.0,33.0,0.0,5.00131,66.48597,0.0,0.0,0.0,71.48728
299,PGIM INDIA ASSET MANAGEMENT PRIVATE LIMITED,0.0,22.0,341.0,21.0,0.0,0.0,384.0,0.0,66.64836,361.67012,17.37443,0.0,0.0,445.69292
300,PHI CAPITAL SOLUTIONS LLP,0.0,0.0,0.0,0.0,0.0,0.0,0.0,0.0,0.0,0.0,0.0,0.0,0.0,0.0
301,PHILLIPCAPITAL (INDIA) PRIVATE LIMITED,0.0,47.0,375.0,54.0,0.0,0.0,476.0,0.0,154.69603,389.80581,148.00266,0.0,0.0,692.5045
302,PIONEER CLIENT ASSOCIATES PRIVATE LIMITED,0.0,12.0,33.0,0.0,0.0,0.0,45.0,0.0,1263.49,251.12,0.0,0.0,0.0,1514.62
303,PIONEER WEALTH MANAGEMENT SERVICES LIMITED,0.0,4.0,5.0,0.0,0.0,0.0,9.0,0.0,10.53,3.69,0.0,0.0,0.0,14.22
304,PIPER SERICA ADVISORS PRIVATE LIMITED ,0.0,6.0,398.0,12.0,1.0,0.0,417.0,0.0,16.4,769.75,18.19,41.45,0.0,845.78
305,PIRAMAL FUND MANAGEMENT PRIVATE LIMITED,0.0,0.0,0.0,0.0,0.0,0.0,0.0,0.0,0.0,0.0,0.0,0.0,0.0,0.0
306,PL ASSET MANAGEMENT PRIVATE LIMITED,0.0,0.0,0.0,0.0,0.0,0.0,0.0,0.0,0.0,0.0,0.0,0.0,0.0,0.0
307,PRABHUDAS LILLADHER PRIVATE LIMITED,0.0,35.0,410.0,89.0,0.0,0.0,534.0,0.0,104.8172,313.06836,93.73798,0.0,0.0,511.62354
308,PRESCIENTCAP INVESTMENT ADVISORS LLP,0.0,3.0,159.0,30.0,0.0,0.0,192.0,0.0,7.79,243.64,27.99,0.0,0.0,279.42
309,PRITHVI FINMART PRIVATE LIMITED,0.0,2.0,78.0,0.0,0.0,0.0,80.0,0.0,0.99,165.17,0.0,0.0,0.0,166.16
310,PROFIT BLOOM PRIVATE LIMITED,0.0,1.0,1.0,0.0,0.0,0.0,2.0,0.0,1.19662,1.4348,0.0,0.0,0.0,2.63141
311,PROFITGATE CAPITAL SERVICES LLP,0.0,24.0,261.0,2.0,0.0,0.0,287.0,0.0,302.25861,372.90109,1.11811,0.0,0.0,676.27781
312,PROFUSION INVESTMENT ADVISORS LLP,0.0,9.0,15.0,1.0,0.0,0.0,25.0,0.0,27.78903,13.72885,10.73797,0.0,0.0,52.25585
313,PROGRESSIVE SHARE BROKERS PRIVATE LIMITED,0.0,1.0,0.0,0.0,0.0,0.0,1.0,0.0,0.46,0.0,0.0,0.0,0.0,0.46
314,PROPSHARE CAPITAL ADVISORS PRIVATE LIMITED,0.0,6.0,356.0,127.0,0.0,0.0,489.0,0.0,3.35,127.58,51.16,0.0,0.0,182.09
315,PROSPERITY WEALTH MANAGEMENT PRIVATE LIMITED,0.0,21.0,20.0,0.0,0.0,0.0,41.0,0.0,80.19859,46.35337,0.0,0.0,0.0,126.55195
316,PROSPERO TREE ASSET MANAGEMENT LLP,0.0,0.0,0.0,0.0,0.0,0.0,0.0,0.0,0.0,0.0,0.0,0.0,0.0,0.0
317,PRP EDGE WEALTH PRIVATE LIMITED,0.0,1.0,3.0,0.0,0.0,0.0,4.0,0.0,31.24348,3.30298,0.0,0.0,0.0,34.54647
318,PRUDENT EQUITY PRIVATE LIMITED,0.0,1.0,46.0,0.0,0.0,0.0,47.0,0.0,0.4965,26.13049,0.0,0.0,0.0,26.627
319,PRUDENT INVESTMENT MANAGERS LLP,0.0,13.0,51.0,14.0,0.0,0.0,78.0,0.0,196.22409,439.9747,74.70339,0.0,0.0,710.90218
320,PURNARTHA INVESTMENT ADVISERS PVT.LTD.,0.0,68.0,1745.0,140.0,0.0,0.0,1953.0,0.0,221.92327,1908.30772,156.33776,0.0,0.0,2286.56875
321,QED CAPITAL ADVISORS LLP,0.0,2.0,19.0,2.0,0.0,0.0,23.0,0.0,7.41361,30.65065,1.0693,0.0,0.0,39.13356
322,QODE ADVISORS LLP,0.0,1.0,15.0,0.0,0.0,0.0,16.0,0.0,0.48816,8.07796,0.0,0.0,0.0,8.56612
323,QRC INVESTMENT ADVISORS LLP,0.0,7.0,47.0,4.0,0.0,0.0,58.0,0.0,17.61256,58.21455,4.62738,0.0,0.0,80.45449
324,QUANT PORTFOLIO MANAGERS PRIVATE LIMITED,0.0,0.0,0.0,0.0,0.0,0.0,0.0,0.0,0.0,0.0,0.0,0.0,0.0,0.0
325,QUANTUM ADVISORS PVT.LTD.,0.0,1.0,2.0,1.0,2.0,0.0,6.0,0.0,15.86,6.73,2.79,18741.83,0.0,18767.21
326,QUEST INVESTMENT ADVISORS PVT. LTD.,0.0,51.0,805.0,68.0,1.0,0.0,925.0,0.0,343.60667,1507.59349,307.87682,24.05375,0.0,2183.13073
327,R. WADIWALA SECURITIES PRIVATE LIMITED,0.0,0.0,85.0,2.0,0.0,0.0,87.0,0.0,0.0,80.40146,2.59342,0.0,0.0,82.994
328,RBSA INVESTMENT MANAGER LLP,0.0,0.0,10.0,1.0,0.0,0.0,11.0,0.0,0.0,8.49742,0.54748,0.0,0.0,9.04491
329,RELIANCE WEALTH MANAGEMENT LIMITED,0.0,0.0,27.0,10.0,0.0,0.0,37.0,0.0,0.0,21.35,14.56,0.0,0.0,35.91
330,RENAISSANCE INVESTMENT MANAGERS PRIVATE LIMITED,0.0,61.0,869.0,71.0,0.0,0.0,1001.0,0.0,227.94019,820.26459,77.32769,0.0,0.0,1125.53247
331,REVELATION PORTFOLIO MANAGEMENT PVT. LTD.,0.0,3.0,57.0,3.0,0.0,0.0,63.0,0.0,52.01,170.22,2.98,0.0,0.0,225.21
332,RIGHT HORIZONS PORTFOLIO MANAGEMENT PRIVATE LIMITED,0.0,21.0,601.0,68.0,1.0,0.0,691.0,0.0,91.29,1342.87192,114.04,12.13331,0.0,1560.33522
333,ROCKSTUD CAPITAL LLP,0.0,0.0,0.0,0.0,0.0,0.0,0.0,0.0,0.0,0.0,0.0,0.0,0.0,0.0
334,ROHA ASSET MANAGERS LLP,0.0,9.0,96.0,15.0,0.0,0.0,120.0,0.0,97.1,267.13,26.59,0.0,0.0,390.82
335,RP-SG VENTURES ADVISORY LLP,0.0,1.0,3.0,0.0,0.0,0.0,4.0,0.0,2.0,2.5,0.0,0.0,0.0,4.5
336,SAGEONE INVESTMENT MANAGERS LLP,0.0,201.0,736.0,34.0,0.0,0.0,971.0,0.0,1647.40661,3051.20879,137.00756,0.0,0.0,4835.62296
337,SAHASRAR CAPITAL PRIVATE LIMITED,0.0,1.0,6.0,0.0,0.0,0.0,7.0,0.0,1.9461,1125.56506,0.0,0.0,0.0,1127.51116
338,SAMEEKSHA CAPITAL PRIVATE LIMITED,0.0,32.0,467.0,55.0,0.0,0.0,554.0,0.0,748.02259,763.67963,61.07824,0.0,0.0,1572.78046
339,SAMVITTI CAPITAL PRIVATE LIMITED,0.0,12.0,325.0,48.0,0.0,0.0,385.0,0.0,136.59496,1120.87312,61.17447,0.0,0.0,1318.64255
340,SANCTUM WEALTH PRIVATE LIMITED,0.0,35.0,178.0,10.0,0.0,0.0,223.0,0.0,159.6,255.98,15.45,0.0,0.0,431.02
341,SAVVY CAPITAL ADVISORS LLP,0.0,2.0,161.0,9.0,0.0,0.0,172.0,0.0,24.13,765.04,11.8,0.0,0.0,800.97
342,SBI FUNDS MANAGEMENT LIMITED,29.0,59.0,1689.0,122.0,3.0,0.0,1902.0,1418271.8664,52198.5359,1242.1932,82.6284,711.5216,0.0,1472506.7455
343,SCIENT CAPITAL PRIVATE LIMITED,0.0,4.0,77.0,5.0,0.0,0.0,86.0,0.0,8.22,55.29,3.29,0.0,0.0,66.8
344,SECURITIES INVESTMENT MANAGEMENT PRIVATE LIMITED,0.0,14.0,293.0,44.0,0.0,0.0,351.0,0.0,96.63,1097.82,163.07,0.0,0.0,1357.52
345,SEERS FUND MANAGEMENT PRIVATE LIMITED,0.0,3.0,139.0,14.0,1.0,0.0,157.0,0.0,13.66,340.86,40.12,19.54,0.0,414.18
346,SEKURA INDIA MANAGEMENT LIMITED,0.0,0.0,0.0,0.0,0.0,0.0,0.0,0.0,0.0,0.0,0.0,0.0,0.0,0.0
347,SHADE CAPITAL PRIVATE LIMITED,0.0,5.0,29.0,2.0,0.0,0.0,36.0,0.0,8.54,74.75,2.53,0.0,0.0,85.82
348,SHAREKHAN LIMITED,0.0,8.0,631.0,12.0,0.0,0.0,651.0,0.0,12.58684,381.33065,5.88804,0.0,0.0,399.80553
349,SHEPHERDS HILL FINANCIAL ADVISORS LLP,0.0,0.0,71.0,3.0,0.0,0.0,74.0,0.0,0.0,110.61457,1.83818,0.0,0.0,112.45275
350,SHREE RAMA MANAGERS LLP,0.0,20.0,181.0,5.0,0.0,0.0,206.0,0.0,30.59,178.18,6.07,0.0,0.0,214.84
351,SHRIRAM ASSET MANAGEMENT COMPANY LIMITED,0.0,0.0,0.0,0.0,0.0,0.0,0.0,0.0,0.0,0.0,0.0,0.0,0.0,0.0
352,SILA ADVISORS LLP,0.0,0.0,0.0,0.0,0.0,0.0,0.0,0.0,0.0,0.0,0.0,0.0,0.0,0.0
353,SILVERARCH INVESTMENT ADVISERS PRIVATE LIMITED,0.0,1.0,18.0,5.0,0.0,0.0,24.0,0.0,9.51615,31.19116,7.03511,0.0,0.0,47.74242
354,SINCERE SYNDICATION AND CORPORATE SERVICES LLP,0.0,5.0,277.0,55.0,0.0,0.0,337.0,0.0,4.8353,269.13031,44.9939,0.0,0.0,318.9595
355,SINGULAR CAPITAL INDIA ADVISORS LLP,0.0,0.0,4.0,0.0,0.0,0.0,4.0,0.0,0.0,8.07873,0.0,0.0,0.0,8.07873
356,SINGULARITY AMC LLP,0.0,7.0,5.0,1.0,0.0,0.0,13.0,0.0,45.54,40.71,4.95,0.0,0.0,91.2
357,SIRIUS ADVISORS PRIVATE LIMITED,0.0,1.0,5.0,0.0,0.0,0.0,6.0,0.0,8.66,9.11,0.0,0.0,0.0,17.77
358,SKP SECURITIES LIMITED,0.0,0.0,0.0,0.0,0.0,0.0,0.0,0.0,0.0,0.0,0.0,0.0,0.0,0.0
359,SKY IMPACT CAPITAL ADVISORS LLP,0.0,0.0,0.0,0.0,0.0,0.0,0.0,0.0,0.0,0.0,0.0,0.0,0.0,0.0
360,SMARTOWNER SERVICES INDIA PVT. LTD.,0.0,5.0,204.0,55.0,0.0,0.0,264.0,0.0,1.3,55.04,16.34,0.0,0.0,72.68
361,SMC GLOBAL SECURITIES LIMITED,0.0,9.0,149.0,9.0,0.0,0.0,167.0,0.0,12.12115,124.24952,6.97476,0.0,0.0,143.34543
362,SOHUM ASSET MANAGERS PRIVATE LIMITED,0.0,3.0,29.0,2.0,0.0,0.0,34.0,0.0,17.17762,55.43707,1.47316,0.0,0.0,74.08784
363,SOLDIERS FIELD INVESTMENTS PRIVATE LIMITED,0.0,0.0,5.0,2.0,0.0,0.0,7.0,0.0,0.0,3.71,1.19,0.0,0.0,4.9
364,SOLIDARITY ADVISORS PRIVATE LIMITED,0.0,46.0,194.0,15.0,0.0,0.0,255.0,0.0,341.13,1281.26,64.8,0.0,0.0,1687.19
365,SOWILO INVESTMENT MANAGERS LLP,0.0,12.0,99.0,4.0,0.0,0.0,115.0,0.0,59.36302,112.69088,7.10973,0.0,0.0,179.16363
366,SPARK ASIA IMPACT MANAGERS PRIVATE LIMITED ,0.0,48.0,413.0,28.0,0.0,0.0,489.0,0.0,104.2465,648.04156,233.70436,0.0,0.0,985.99242
367,SPARK FUND ADVISORS LLP,0.0,0.0,6.0,0.0,0.0,0.0,6.0,0.0,0.0,5.9581,0.0,0.0,0.0,5.9581
368,SPARK PWM PRIVATE LIMITED ,0.0,43.0,399.0,27.0,0.0,0.0,469.0,0.0,1286.82,1369.86,215.66,0.0,0.0,2872.34
369,SPECIALE INCEPT ADVISORS LLP,0.0,0.0,0.0,0.0,0.0,0.0,0.0,0.0,0.0,0.0,0.0,0.0,0.0,0.0
370,SPICE ROUTE ADVISORS LLP,0.0,0.0,6.0,0.0,0.0,0.0,6.0,0.0,0.0,4.5823,0.0,0.0,0.0,4.5823
371,SQUARE 64 CAPITAL ADVISORS LLP,0.0,0.0,4.0,0.0,0.0,0.0,4.0,0.0,0.0,41.72,0.0,0.0,0.0,41.72
372,STALLION ASSET PRIVATE LIMITED,0.0,141.0,2674.0,294.0,0.0,0.0,3109.0,0.0,511.13291,3335.2915,395.95374,0.0,0.0,4242.37815
373,STALWART INVESTMENT ADVISORS LLP,0.0,5.0,56.0,5.0,0.0,0.0,66.0,0.0,23.18001,51.31667,8.59951,0.0,0.0,83.09619
374,STANDARD CHARTERED SECURITIES (INDIA) LIMITED,0.0,1.0,191.0,0.0,0.0,0.0,192.0,0.0,23.59074,329.36351,0.0,0.0,0.0,352.95425
375,STEPTRADE SHARE SERVICES PRIVATE LIMITED,0.0,1.0,2.0,0.0,0.0,0.0,3.0,0.0,0.5,1.0,0.0,0.0,0.0,1.5
376,STEWART  AND  MACKERTICH WEALTH MANAGEMENT LIMITED,0.0,1.0,18.0,4.0,0.0,0.0,23.0,0.0,0.6155,31.8026,19.2088,0.0,0.0,51.6269
377,STOCKHOLDING SERVICES LIMITED,0.0,0.0,0.0,0.0,0.0,0.0,0.0,0.0,0.0,0.0,0.0,0.0,0.0,0.0
378,SUNDARAM ALTERNATE ASSETS LIMITED ,0.0,26.0,1779.0,465.0,2.0,0.0,2272.0,0.0,35.31,2044.49,645.04,519.82,0.0,3244.66
379,SVAN INVESTMENT MANAGERS LLP,0.0,12.0,140.0,1.0,0.0,0.0,153.0,0.0,140.05449,867.04258,0.73232,0.0,0.0,1007.82938
380,SVOBODHA INFINITY INVESTMENT ADVISORS PRIVATE LIMITED,0.0,0.0,26.0,3.0,0.0,0.0,29.0,0.0,0.0,19.42,2.02,0.0,0.0,21.44
381,SWASTIKA INVESTMART LIMITED,0.0,0.0,0.0,0.0,0.0,0.0,0.0,0.0,0.0,0.0,0.0,0.0,0.0,0.0
382,SWYOM ADVISORS LIMITED,0.0,0.0,3.0,0.0,0.0,0.0,3.0,0.0,0.0,1.47988,0.0,0.0,0.0,1.47988
383,SYKES  AND  RAY EQUITIES INDIA LIMITED,0.0,2.0,81.0,7.0,0.0,0.0,90.0,0.0,3.58,113.97,4.6,0.0,0.0,122.15
384,SYSTEMATIX SHARES AND STOCKS (INDIA) LIMITED,0.0,10.0,46.0,3.0,0.0,0.0,59.0,0.0,90.38,69.76,2.26,0.0,0.0,162.4
385,T.RAM FINANCIAL SERVICES PRIVATE LIMITED,0.0,2.0,107.0,20.0,0.0,0.0,129.0,0.0,13.767,190.116,22.477,0.0,0.0,226.36
386,TAILWIND FINANCIAL SERVICES PRIVATE LIMITED,0.0,5.0,15.0,1.0,0.0,0.0,21.0,0.0,20.35,12.65,3.83,0.0,0.0,36.83
387,TAMOHARA INVESTMENT MANAGERS PRIVATE LIMITED,0.0,18.0,260.0,29.0,0.0,0.0,307.0,0.0,51.11,243.14,84.71,0.0,0.0,378.96
388,TATA ASSET MANAGEMENT PRIVATE LIMITED,10.0,1.0,199.0,8.0,0.0,0.0,218.0,1410.0789,0.55651,175.80933,8.51858,0.0,0.0,1594.96332
389,TAURUS TREASURY MANAGEMENT SERVICES PRIVATE LIMITED,0.0,0.0,0.0,0.0,0.0,0.0,0.0,0.0,0.0,0.0,0.0,0.0,0.0,0.0
390,TCG ADVISORY SERVICES PRIVATE LIMITED,0.0,0.0,13.0,0.0,0.0,0.0,13.0,0.0,0.0,13.67,0.0,0.0,0.0,13.67
391,THE HONGKONG AND SHANGHAI BANKING CORPOR,0.0,0.0,13.0,0.0,0.0,0.0,13.0,0.0,0.0,258.44,0.0,0.0,0.0,258.44
392,THINQWISE WEALTH MANAGERS LLP,0.0,2.0,9.0,0.0,0.0,0.0,11.0,0.0,14.66,19.21,0.0,0.0,0.0,33.88
393,TORUS ORO PORTFOLIO MANAGEMENT PRIVATE LIMITED,0.0,4.0,78.0,6.0,0.0,0.0,88.0,0.0,11.58,150.35,6.0,0.0,0.0,167.93
394,TRADESWIFT BROKING PRIVATE LIMITED,0.0,2.0,31.0,2.0,0.0,0.0,35.0,0.0,1.7,32.53,1.55,0.0,0.0,35.78
395,TRIVANTAGE CAPITAL MANAGMENT INDIA PRIVATE LIMITED,0.0,11.0,53.0,7.0,0.0,0.0,71.0,0.0,297.12,202.63,12.71,0.0,0.0,512.46
396,TRUE BEACON INVESTMENT ADVISORS LLP,0.0,45.0,272.0,5.0,0.0,0.0,322.0,0.0,274.81,410.6,3.37,0.0,0.0,688.78
397,TRUE NORTH CREDIT FUND MANAGERS LLP,0.0,1.0,5.0,0.0,0.0,0.0,6.0,0.0,10.0,85.0,0.0,0.0,0.0,95.0
398,TRUE NORTH MANAGERS LLP,0.0,0.0,0.0,0.0,0.0,0.0,0.0,0.0,0.0,0.0,0.0,0.0,0.0,0.0
399,TRUST INVESTMENT ADVISORS PVT. LTD.,13.0,34.0,219.0,23.0,0.0,0.0,289.0,10805.24,843.78,1648.95,878.73,0.0,0.0,14176.7
400,TRUSTLINE HOLDING PVT. LTD.,0.0,8.0,551.0,53.0,0.0,0.0,612.0,0.0,17.18047,793.08064,83.88601,0.0,0.0,894.14712
401,TRUSTLINE SECURITIES LIMITED,0.0,0.0,0.0,0.0,0.0,0.0,0.0,0.0,0.0,0.0,0.0,0.0,0.0,0.0
402,TULSIAN PMS LIMITED,0.0,12.0,314.0,0.0,0.0,0.0,326.0,0.0,58.62648,371.84144,0.0,0.0,0.0,430.46792
403,TURTLE WEALTH MANAGEMENT PVT. LTD.,0.0,22.0,205.0,12.0,0.0,0.0,239.0,0.0,220.02,378.22,17.21,0.0,0.0,615.45
404,TVS CAPITAL FUNDS PRIVATE LIMITED,0.0,0.0,5.0,0.0,0.0,0.0,5.0,0.0,0.0,6.49,0.0,0.0,0.0,6.49
405,UNICORN INVESTMENT MANAGERS LLP,0.0,2.0,27.0,0.0,0.0,0.0,29.0,0.0,12.71,50.77,0.0,0.0,0.0,63.49
406,UNIFI CAPITAL PRIVATE LIMITED,0.0,614.0,9014.0,670.0,0.0,0.0,10298.0,0.0,4134.24,17091.57,1127.78,0.0,0.0,22353.58
407,UNIQUE ASSET MANAGEMENT LLP,0.0,13.0,631.0,36.0,0.0,0.0,680.0,0.0,53.96934,2419.12582,171.53433,0.0,0.0,2644.62949
408,UTI ALTERNATIVES PRIVATE LIMITED,0.0,7.0,3.0,1.0,0.0,0.0,11.0,0.0,120.95,13.0,9.25,0.0,0.0,143.2
409,UTI ASSET MANAGEMENT COMPANY PVT LTD,2.0,4.0,0.0,0.0,0.0,0.0,6.0,1248656.92,100832.01,0.0,0.0,0.0,0.0,1349488.93
410,V.E.C ASSAGO CAPITAL MANAGEMENT LLP,0.0,0.0,0.0,0.0,0.0,0.0,0.0,0.0,0.0,0.0,0.0,0.0,0.0,0.0
411,VAL-Q INVESTMENT ADVISORY PRIVATE LIMITED,0.0,0.0,32.0,3.0,0.0,0.0,35.0,0.0,0.0,96.9143,4.66075,0.0,0.0,101.57505
412,VALCREATE INVESTMENT MANAGERS LLP,0.0,6.0,44.0,12.0,0.0,0.0,62.0,0.0,43.66743,159.77601,12.44619,0.0,0.0,215.88963
413,VALENTIS ADVISORS PRIVATE LIMITED,0.0,94.0,525.0,52.0,0.0,0.0,671.0,0.0,402.345,1137.16145,91.02591,0.0,0.0,1630.53236
414,VALLUM CAPITAL ADVISORS PRIVATE LIMITED,0.0,67.0,399.0,17.0,0.0,0.0,483.0,0.0,460.53,1168.34,35.31,0.0,0.0,1664.18
415,VALTRUST PARTNERS LLP,0.0,17.0,94.0,4.0,0.0,0.0,115.0,0.0,19.19384,81.2069,3.27296,0.0,0.0,103.6737
416,VALUE PROLIFIC INVESTMENTS AND CONSULTING PRIVATE LIMITED,0.0,3.0,7.0,0.0,0.0,0.0,10.0,0.0,128.93,4.94,0.0,0.0,0.0,133.87
417,VALUEQUEST INVESTMENT ADVISORS PVT. LTD.,0.0,152.0,1728.0,141.0,1.0,0.0,2022.0,0.0,1578.57,5750.39,365.17,11387.44,0.0,19081.57
418,VARANIUM CAPITAL ADVISORS PRIVATE LIMITED,0.0,4.0,42.0,5.0,0.0,0.0,51.0,0.0,8.69,42.53,45.11,0.0,0.0,96.33
419,VENTURA SECURITIES LIMITED,0.0,3.0,128.0,12.0,0.0,0.0,143.0,0.0,1.93,136.5,10.89,0.0,0.0,149.32
420,VIVRITI ASSET MANAGEMENT PRIVATE LIMITED,0.0,0.0,0.0,0.0,0.0,0.0,0.0,0.0,0.0,0.0,0.0,0.0,0.0,0.0
421,VSPARTANS CONSULTANTS PRIVATE LIMITED,0.0,0.0,0.0,0.0,0.0,0.0,0.0,0.0,0.0,0.0,0.0,0.0,0.0,0.0
422,WALLFORT PMS  AND  ADVISORY SERVICES LLP ,0.0,17.0,170.0,11.0,1.0,0.0,199.0,0.0,34.71,321.38,58.23,1.89,0.0,416.21
423,WATERFIELD FINANCIAL AND INVESTMENT ADVISORS PRIVATE LIMITED,0.0,4.0,39.0,3.0,0.0,0.0,46.0,0.0,59.77,225.67,38.74,0.0,0.0,324.18
424,WATERFIELD FUND MANAGERS PRIVATE LIMITED,0.0,0.0,5.0,0.0,0.0,0.0,5.0,0.0,0.0,16.0,0.0,0.0,0.0,16.0
425,WAVE ASSET PRIVATE LIMITED,0.0,1.0,8.0,1.0,0.0,0.0,10.0,0.0,0.84262,4.9124,0.4688,0.0,0.0,6.22383
426,WAY2WEALTH  BROKERS PRIVATE LTD.,0.0,1.0,43.0,6.0,0.0,0.0,50.0,0.0,0.6112,63.0567,7.7088,0.0,0.0,71.3767
427,WAYA FINANCIAL TECHNOLOGIES PRIVATE LIMITED,0.0,2.0,21.0,0.0,0.0,0.0,23.0,0.0,3.97,14.01,0.0,0.0,0.0,17.98
428,WEALTH FIRST PORTFOLIO MANAGERS LIMITED,0.0,0.0,0.0,0.0,0.0,0.0,0.0,0.0,0.0,0.0,0.0,0.0,0.0,0.0
429,WEALTH MANAGERS INDIA PRIVATE LIMITED,0.0,13.0,275.0,22.0,0.0,0.0,310.0,0.0,48.01729,730.14719,42.69875,0.0,0.0,820.86323
430,WEALTHBRIDGE CAPITAL ADVISORS PRIVATE LIMITED,0.0,4.0,24.0,2.0,0.0,0.0,30.0,0.0,5.8,77.38,5.33,0.0,0.0,88.51
431,WELSPUN ONE LOGISTICS PARKS PRIVATE LIMITED,0.0,0.0,0.0,0.0,0.0,0.0,0.0,0.0,0.0,0.0,0.0,0.0,0.0,0.0
432,WHITE OAK CAPITAL MANAGEMENT CONSULTANTS LLP,0.0,2.0,0.0,0.0,1.0,0.0,3.0,0.0,646.51,0.0,0.0,6426.99,0.0,7073.5
433,WHITE PINE INVESTMENT MANAGEMENT PRIVATE LIMITED,0.0,13.0,125.0,4.0,0.0,0.0,142.0,0.0,39.87312,276.47316,5.18975,0.0,0.0,321.53604
434,WHITE WHALE PARTNERS LLP,0.0,8.0,34.0,0.0,1.0,0.0,43.0,0.0,37.86279,56.3126,0.0,85.62,0.0,179.8054
435,WHITEOAK CAPITAL ASSET MANAGEMENT LIMITED,0.0,245.0,2905.0,302.0,0.0,0.0,3452.0,0.0,1646.91,3599.33,332.62,0.0,0.0,5578.86
436,WILLOW ADVISORS LLP,0.0,3.0,70.0,10.0,0.0,0.0,83.0,0.0,4.56327,301.75994,38.00843,0.0,0.0,344.33165
437,WRYGHT RESEARCH  AND  CAPITAL PRIVATE LIMITED,0.0,10.0,470.0,43.0,0.0,0.0,523.0,0.0,6.91729,357.65655,26.30653,0.0,0.0,390.88038
438,XPONENT TRIBE LLP,0.0,1.0,20.0,0.0,0.0,0.0,21.0,0.0,16.83721,56.17522,0.0,0.0,0.0,73.01243
439,XPONENTIA CAPITAL PARTNERS LLP,0.0,8.0,9.0,1.0,0.0,0.0,19.0,0.0,94.46,32.42,1.95,0.0,0.0,208.77
440,ZEN WEALTH MANAGEMENT SERVICES LIMITED,0.0,4.0,46.0,16.0,0.0,0.0,66.0,0.0,58.8495,291.00736,115.87035,0.0,0.0,465.72721
441,ZEVA CAPSOL PRIVATE LIMITED ,0.0,0.0,0.0,0.0,0.0,0.0,0.0,0.0,0.0,0.0,0.0,0.0,0.0,0.0
